<?xml version="1.0" encoding="UTF-8"?>
 <!DOCTYPE Directorio SYSTEM "Directorio.dtd">

<!--
Archivo XML.
Representa un directorio.
Author: Adrián Bonilla Ruiz
Num. Cta. 31721903-8 
Version: 1.0 2020
-->

 <Directorio>
 	<Ciudad nombre="Honda" estado="Civic" longitud="DFS-76-23" latitud ="">
 		
 	</Ciudad>
 	<Ciudad nombre="BMW" estado="Serie 2" longitud="2014" latitud ="">
 		
 	</Ciudad>
 	<Ciudad nombre="Ford" estado="Focus" longitud="HBZ-87-32" latitud="2015">
 		
 	</Ciudad>
 	<Ciudad nombre="Nissan" estado="X-Trail" longitud ="" latitud = "">
 		
 	</Ciudad>
 </Automoviles>